[3_1] find 10 rules for how to translate words with more than one possible translation from Breton to French,Write 10 <a href=""http://wiki.apertium.org/wiki/Constraint-based_lexical_selection_module"">lexical selection rules</a> for translating ambiguous words from Breton to French.,72,"ftyers,",Easy,"Code,Translation","translation,Breton,French,mt,nlp"
[3_2] find 10 rules for how to translate words with more than one possible translation from French to Breton,Write 10 <a href=""http://wiki.apertium.org/wiki/Constraint-based_lexical_selection_module"">lexical selection rules</a> for translating ambiguous words from French to Breton.,72,"ftyers,",Easy,"Code,Translation","translation,French,Breton,mt,nlp"
[3_3] find 50 rules for how to translate words with more than one possible translation from Breton to French,Write 50 <a href=""http://wiki.apertium.org/wiki/Constraint-based_lexical_selection_module"">lexical selection rules</a> for translating ambiguous words from Breton to French.,72,"ftyers,",Medium,"Code,Translation","translation,Breton,French,mt,nlp"
[3_4] find 50 rules for how to translate words with more than one possible translation from French to Breton,Write 50 <a href=""http://wiki.apertium.org/wiki/Constraint-based_lexical_selection_module"">lexical selection rules</a> for translating ambiguous words from French to Breton.,72,"ftyers,",Medium,"Code,Translation","translation,French,Breton,mt,nlp"
[3_5] find 70 rules for how to translate words with more than one possible translation from Breton to French,Write 70 <a href=""http://wiki.apertium.org/wiki/Constraint-based_lexical_selection_module"">lexical selection rules</a> for translating ambiguous words from Breton to French.,72,"ftyers,",Hard,"Code,Translation","translation,Breton,French,mt,nlp"
[3_6] find 70 rules for how to translate words with more than one possible translation from French to Breton,Write 70 <a href=""http://wiki.apertium.org/wiki/Constraint-based_lexical_selection_module"">lexical selection rules</a> for translating ambiguous words from French to Breton.,72,"ftyers,",Hard,"Code,Translation","translation,French,Breton,mt,nlp"
[3_7] find 10 rules for how to translate words with more than one possible translation from Welsh to English,Write 10 <a href=""http://wiki.apertium.org/wiki/Constraint-based_lexical_selection_module"">lexical selection rules</a> for translating ambiguous words from Welsh to English.,72,"ftyers,",Easy,"Code,Translation","translation,Welsh,English,mt,nlp"
[3_8] find 10 rules for how to translate words with more than one possible translation from English to Welsh,Write 10 <a href=""http://wiki.apertium.org/wiki/Constraint-based_lexical_selection_module"">lexical selection rules</a> for translating ambiguous words from English to Welsh.,72,"ftyers,",Easy,"Code,Translation","translation,English,Welsh,mt,nlp"
[3_9] find 50 rules for how to translate words with more than one possible translation from Welsh to English,Write 50 <a href=""http://wiki.apertium.org/wiki/Constraint-based_lexical_selection_module"">lexical selection rules</a> for translating ambiguous words from Welsh to English.,72,"ftyers,",Medium,"Code,Translation","translation,Welsh,English,mt,nlp"
[3_10] find 50 rules for how to translate words with more than one possible translation from English to Welsh,Write 50 <a href=""http://wiki.apertium.org/wiki/Constraint-based_lexical_selection_module"">lexical selection rules</a> for translating ambiguous words from English to Welsh.,72,"ftyers,",Medium,"Code,Translation","translation,English,Welsh,mt,nlp"
[3_11] find 70 rules for how to translate words with more than one possible translation from Welsh to English,Write 70 <a href=""http://wiki.apertium.org/wiki/Constraint-based_lexical_selection_module"">lexical selection rules</a> for translating ambiguous words from Welsh to English.,72,"ftyers,",Hard,"Code,Translation","translation,Welsh,English,mt,nlp"
[3_12] find 70 rules for how to translate words with more than one possible translation from English to Welsh,Write 70 <a href=""http://wiki.apertium.org/wiki/Constraint-based_lexical_selection_module"">lexical selection rules</a> for translating ambiguous words from English to Welsh.,72,"ftyers,",Hard,"Code,Translation","translation,English,Welsh,mt,nlp"
[3_13] find 10 rules for how to translate words with more than one possible translation from Catalan to English,Write 10 <a href=""http://wiki.apertium.org/wiki/Constraint-based_lexical_selection_module"">lexical selection rules</a> for translating ambiguous words from Catalan to English.,72,"ftyers,jimregan",Easy,"Code,Translation","translation,Catalan,English,mt,nlp"
[3_14] find 10 rules for how to translate words with more than one possible translation from English to Catalan,Write 10 <a href=""http://wiki.apertium.org/wiki/Constraint-based_lexical_selection_module"">lexical selection rules</a> for translating ambiguous words from English to Catalan.,72,"ftyers,jimregan",Easy,"Code,Translation","translation,English,Catalan,mt,nlp"
[3_15] find 50 rules for how to translate words with more than one possible translation from Catalan to English,Write 50 <a href=""http://wiki.apertium.org/wiki/Constraint-based_lexical_selection_module"">lexical selection rules</a> for translating ambiguous words from Catalan to English.,72,"ftyers,jimregan",Medium,"Code,Translation","translation,Catalan,English,mt,nlp"
[3_16] find 50 rules for how to translate words with more than one possible translation from English to Catalan,Write 50 <a href=""http://wiki.apertium.org/wiki/Constraint-based_lexical_selection_module"">lexical selection rules</a> for translating ambiguous words from English to Catalan.,72,"ftyers,jimregan",Medium,"Code,Translation","translation,English,Catalan,mt,nlp"
[3_17] find 70 rules for how to translate words with more than one possible translation from Catalan to English,Write 70 <a href=""http://wiki.apertium.org/wiki/Constraint-based_lexical_selection_module"">lexical selection rules</a> for translating ambiguous words from Catalan to English.,72,"ftyers,jimregan",Hard,"Code,Translation","translation,Catalan,English,mt,nlp"
[3_18] find 70 rules for how to translate words with more than one possible translation from English to Catalan,Write 70 <a href=""http://wiki.apertium.org/wiki/Constraint-based_lexical_selection_module"">lexical selection rules</a> for translating ambiguous words from English to Catalan.,72,"ftyers,jimregan",Hard,"Code,Translation","translation,English,Catalan,mt,nlp"
[3_19] find 10 rules for how to translate words with more than one possible translation from Basque to Spanish,Write 10 <a href=""http://wiki.apertium.org/wiki/Constraint-based_lexical_selection_module"">lexical selection rules</a> for translating ambiguous words from Basque to Spanish.,72,"ftyers,mlforcada",Easy,"Code,Translation","translation,Basque,Spanish,mt,nlp"
[3_20] find 10 rules for how to translate words with more than one possible translation from Spanish to Basque,Write 10 <a href=""http://wiki.apertium.org/wiki/Constraint-based_lexical_selection_module"">lexical selection rules</a> for translating ambiguous words from Spanish to Basque.,72,"ftyers,mlforcada",Easy,"Code,Translation","translation,Spanish,Basque,mt,nlp"
[3_21] find 50 rules for how to translate words with more than one possible translation from Basque to Spanish,Write 50 <a href=""http://wiki.apertium.org/wiki/Constraint-based_lexical_selection_module"">lexical selection rules</a> for translating ambiguous words from Basque to Spanish.,72,"ftyers,mlforcada",Medium,"Code,Translation","translation,Basque,Spanish,mt,nlp"
[3_22] find 50 rules for how to translate words with more than one possible translation from Spanish to Basque,Write 50 <a href=""http://wiki.apertium.org/wiki/Constraint-based_lexical_selection_module"">lexical selection rules</a> for translating ambiguous words from Spanish to Basque.,72,"ftyers,mlforcada",Medium,"Code,Translation","translation,Spanish,Basque,mt,nlp"
[3_23] find 70 rules for how to translate words with more than one possible translation from Basque to Spanish,Write 70 <a href=""http://wiki.apertium.org/wiki/Constraint-based_lexical_selection_module"">lexical selection rules</a> for translating ambiguous words from Basque to Spanish.,72,"ftyers,mlforcada",Hard,"Code,Translation","translation,Basque,Spanish,mt,nlp"
[3_24] find 70 rules for how to translate words with more than one possible translation from Spanish to Basque,Write 70 <a href=""http://wiki.apertium.org/wiki/Constraint-based_lexical_selection_module"">lexical selection rules</a> for translating ambiguous words from Spanish to Basque.,72,"ftyers,mlforcada",Hard,"Code,Translation","translation,Spanish,Basque,mt,nlp"
[3_25] find 10 rules for how to translate words with more than one possible translation from Basque to English,Write 10 <a href=""http://wiki.apertium.org/wiki/Constraint-based_lexical_selection_module"">lexical selection rules</a> for translating ambiguous words from Basque to English.,72,"ftyers,mlforcada",Easy,"Code,Translation","translation,Basque,English,mt,nlp"
[3_26] find 10 rules for how to translate words with more than one possible translation from English to Basque,Write 10 <a href=""http://wiki.apertium.org/wiki/Constraint-based_lexical_selection_module"">lexical selection rules</a> for translating ambiguous words from English to Basque.,72,"ftyers,mlforcada",Easy,"Code,Translation","translation,English,Basque,mt,nlp"
[3_27] find 50 rules for how to translate words with more than one possible translation from Basque to English,Write 50 <a href=""http://wiki.apertium.org/wiki/Constraint-based_lexical_selection_module"">lexical selection rules</a> for translating ambiguous words from Basque to English.,72,"ftyers,mlforcada",Medium,"Code,Translation","translation,Basque,English,mt,nlp"
[3_28] find 50 rules for how to translate words with more than one possible translation from English to Basque,Write 50 <a href=""http://wiki.apertium.org/wiki/Constraint-based_lexical_selection_module"">lexical selection rules</a> for translating ambiguous words from English to Basque.,72,"ftyers,mlforcada",Medium,"Code,Translation","translation,English,Basque,mt,nlp"
[3_29] find 70 rules for how to translate words with more than one possible translation from Basque to English,Write 70 <a href=""http://wiki.apertium.org/wiki/Constraint-based_lexical_selection_module"">lexical selection rules</a> for translating ambiguous words from Basque to English.,72,"ftyers,mlforcada",Hard,"Code,Translation","translation,Basque,English,mt,nlp"
[3_30] find 70 rules for how to translate words with more than one possible translation from English to Basque,Write 70 <a href=""http://wiki.apertium.org/wiki/Constraint-based_lexical_selection_module"">lexical selection rules</a> for translating ambiguous words from English to Basque.,72,"ftyers,mlforcada",Hard,"Code,Translation","translation,English,Basque,mt,nlp"
[3_31] find 10 rules for how to translate words with more than one possible translation from Norwegian to English,Write 10 <a href=""http://wiki.apertium.org/wiki/Constraint-based_lexical_selection_module"">lexical selection rules</a> for translating ambiguous words from Norwegian to English.,72,"ftyers,unhammer",Easy,"Code,Translation","translation,Norwegian,English,mt,nlp"
[3_32] find 10 rules for how to translate words with more than one possible translation from English to Norwegian,Write 10 <a href=""http://wiki.apertium.org/wiki/Constraint-based_lexical_selection_module"">lexical selection rules</a> for translating ambiguous words from English to Norwegian.,72,"ftyers,unhammer",Easy,"Code,Translation","translation,English,Norwegian,mt,nlp"
[3_33] find 50 rules for how to translate words with more than one possible translation from Norwegian to English,Write 50 <a href=""http://wiki.apertium.org/wiki/Constraint-based_lexical_selection_module"">lexical selection rules</a> for translating ambiguous words from Norwegian to English.,72,"ftyers,unhammer",Medium,"Code,Translation","translation,Norwegian,English,mt,nlp"
[3_34] find 50 rules for how to translate words with more than one possible translation from English to Norwegian,Write 50 <a href=""http://wiki.apertium.org/wiki/Constraint-based_lexical_selection_module"">lexical selection rules</a> for translating ambiguous words from English to Norwegian.,72,"ftyers,unhammer",Medium,"Code,Translation","translation,English,Norwegian,mt,nlp"
[3_35] find 70 rules for how to translate words with more than one possible translation from Norwegian to English,Write 70 <a href=""http://wiki.apertium.org/wiki/Constraint-based_lexical_selection_module"">lexical selection rules</a> for translating ambiguous words from Norwegian to English.,72,"ftyers,unhammer",Hard,"Code,Translation","translation,Norwegian,English,mt,nlp"
[3_36] find 70 rules for how to translate words with more than one possible translation from English to Norwegian,Write 70 <a href=""http://wiki.apertium.org/wiki/Constraint-based_lexical_selection_module"">lexical selection rules</a> for translating ambiguous words from English to Norwegian.,72,"ftyers,unhammer",Hard,"Code,Translation","translation,English,Norwegian,mt,nlp"
[3_37] find 10 rules for how to translate words with more than one possible translation from Icelandic to English,Write 10 <a href=""http://wiki.apertium.org/wiki/Constraint-based_lexical_selection_module"">lexical selection rules</a> for translating ambiguous words from Icelandic to English.,72,"ftyers,",Easy,"Code,Translation","translation,Icelandic,English,mt,nlp"
[3_38] find 10 rules for how to translate words with more than one possible translation from English to Icelandic,Write 10 <a href=""http://wiki.apertium.org/wiki/Constraint-based_lexical_selection_module"">lexical selection rules</a> for translating ambiguous words from English to Icelandic.,72,"ftyers,",Easy,"Code,Translation","translation,English,Icelandic,mt,nlp"
[3_39] find 50 rules for how to translate words with more than one possible translation from Icelandic to English,Write 50 <a href=""http://wiki.apertium.org/wiki/Constraint-based_lexical_selection_module"">lexical selection rules</a> for translating ambiguous words from Icelandic to English.,72,"ftyers,",Medium,"Code,Translation","translation,Icelandic,English,mt,nlp"
[3_40] find 50 rules for how to translate words with more than one possible translation from English to Icelandic,Write 50 <a href=""http://wiki.apertium.org/wiki/Constraint-based_lexical_selection_module"">lexical selection rules</a> for translating ambiguous words from English to Icelandic.,72,"ftyers,",Medium,"Code,Translation","translation,English,Icelandic,mt,nlp"
[3_41] find 70 rules for how to translate words with more than one possible translation from Icelandic to English,Write 70 <a href=""http://wiki.apertium.org/wiki/Constraint-based_lexical_selection_module"">lexical selection rules</a> for translating ambiguous words from Icelandic to English.,72,"ftyers,",Hard,"Code,Translation","translation,Icelandic,English,mt,nlp"
[3_42] find 70 rules for how to translate words with more than one possible translation from English to Icelandic,Write 70 <a href=""http://wiki.apertium.org/wiki/Constraint-based_lexical_selection_module"">lexical selection rules</a> for translating ambiguous words from English to Icelandic.,72,"ftyers,",Hard,"Code,Translation","translation,English,Icelandic,mt,nlp"
[3_43] find 10 rules for how to translate words with more than one possible translation from Macedonian to English,Write 10 <a href=""http://wiki.apertium.org/wiki/Constraint-based_lexical_selection_module"">lexical selection rules</a> for translating ambiguous words from Macedonian to English.,72,"ftyers,",Easy,"Code,Translation","translation,Macedonian,English,mt,nlp"
[3_44] find 10 rules for how to translate words with more than one possible translation from English to Macedonian,Write 10 <a href=""http://wiki.apertium.org/wiki/Constraint-based_lexical_selection_module"">lexical selection rules</a> for translating ambiguous words from English to Macedonian.,72,"ftyers,",Easy,"Code,Translation","translation,English,Macedonian,mt,nlp"
[3_45] find 50 rules for how to translate words with more than one possible translation from Macedonian to English,Write 50 <a href=""http://wiki.apertium.org/wiki/Constraint-based_lexical_selection_module"">lexical selection rules</a> for translating ambiguous words from Macedonian to English.,72,"ftyers,",Medium,"Code,Translation","translation,Macedonian,English,mt,nlp"
[3_46] find 50 rules for how to translate words with more than one possible translation from English to Macedonian,Write 50 <a href=""http://wiki.apertium.org/wiki/Constraint-based_lexical_selection_module"">lexical selection rules</a> for translating ambiguous words from English to Macedonian.,72,"ftyers,",Medium,"Code,Translation","translation,English,Macedonian,mt,nlp"
[3_47] find 70 rules for how to translate words with more than one possible translation from Macedonian to English,Write 70 <a href=""http://wiki.apertium.org/wiki/Constraint-based_lexical_selection_module"">lexical selection rules</a> for translating ambiguous words from Macedonian to English.,72,"ftyers,",Hard,"Code,Translation","translation,Macedonian,English,mt,nlp"
[3_48] find 70 rules for how to translate words with more than one possible translation from English to Macedonian,Write 70 <a href=""http://wiki.apertium.org/wiki/Constraint-based_lexical_selection_module"">lexical selection rules</a> for translating ambiguous words from English to Macedonian.,72,"ftyers,",Hard,"Code,Translation","translation,English,Macedonian,mt,nlp"
[3_49] find 10 rules for how to translate words with more than one possible translation from Macedonian to Bulgarian,Write 10 <a href=""http://wiki.apertium.org/wiki/Constraint-based_lexical_selection_module"">lexical selection rules</a> for translating ambiguous words from Macedonian to Bulgarian.,72,"ftyers,",Easy,"Code,Translation","translation,Macedonian,Bulgarian,mt,nlp"
[3_50] find 10 rules for how to translate words with more than one possible translation from Bulgarian to Macedonian,Write 10 <a href=""http://wiki.apertium.org/wiki/Constraint-based_lexical_selection_module"">lexical selection rules</a> for translating ambiguous words from Bulgarian to Macedonian.,72,"ftyers,",Easy,"Code,Translation","translation,Bulgarian,Macedonian,mt,nlp"
[3_51] find 50 rules for how to translate words with more than one possible translation from Macedonian to Bulgarian,Write 50 <a href=""http://wiki.apertium.org/wiki/Constraint-based_lexical_selection_module"">lexical selection rules</a> for translating ambiguous words from Macedonian to Bulgarian.,72,"ftyers,",Medium,"Code,Translation","translation,Macedonian,Bulgarian,mt,nlp"
[3_52] find 50 rules for how to translate words with more than one possible translation from Bulgarian to Macedonian,Write 50 <a href=""http://wiki.apertium.org/wiki/Constraint-based_lexical_selection_module"">lexical selection rules</a> for translating ambiguous words from Bulgarian to Macedonian.,72,"ftyers,",Medium,"Code,Translation","translation,Bulgarian,Macedonian,mt,nlp"
[3_53] find 70 rules for how to translate words with more than one possible translation from Macedonian to Bulgarian,Write 70 <a href=""http://wiki.apertium.org/wiki/Constraint-based_lexical_selection_module"">lexical selection rules</a> for translating ambiguous words from Macedonian to Bulgarian.,72,"ftyers,",Hard,"Code,Translation","translation,Macedonian,Bulgarian,mt,nlp"
[3_54] find 70 rules for how to translate words with more than one possible translation from Bulgarian to Macedonian,Write 70 <a href=""http://wiki.apertium.org/wiki/Constraint-based_lexical_selection_module"">lexical selection rules</a> for translating ambiguous words from Bulgarian to Macedonian.,72,"ftyers,",Hard,"Code,Translation","translation,Bulgarian,Macedonian,mt,nlp"
[3_55] find 10 rules for how to translate words with more than one possible translation from Serbo_Croatian to Macedonian,Write 10 <a href=""http://wiki.apertium.org/wiki/Constraint-based_lexical_selection_module"">lexical selection rules</a> for translating ambiguous words from Serbo_Croatian to Macedonian.,72,"ftyers,hperadin",Easy,"Code,Translation","translation,Serbo_Croatian,Macedonian,mt,nlp"
[3_56] find 10 rules for how to translate words with more than one possible translation from Macedonian to Serbo_Croatian,Write 10 <a href=""http://wiki.apertium.org/wiki/Constraint-based_lexical_selection_module"">lexical selection rules</a> for translating ambiguous words from Macedonian to Serbo_Croatian.,72,"ftyers,hperadin",Easy,"Code,Translation","translation,Macedonian,Serbo_Croatian,mt,nlp"
[3_57] find 50 rules for how to translate words with more than one possible translation from Serbo_Croatian to Macedonian,Write 50 <a href=""http://wiki.apertium.org/wiki/Constraint-based_lexical_selection_module"">lexical selection rules</a> for translating ambiguous words from Serbo_Croatian to Macedonian.,72,"ftyers,hperadin",Medium,"Code,Translation","translation,Serbo_Croatian,Macedonian,mt,nlp"
[3_58] find 50 rules for how to translate words with more than one possible translation from Macedonian to Serbo_Croatian,Write 50 <a href=""http://wiki.apertium.org/wiki/Constraint-based_lexical_selection_module"">lexical selection rules</a> for translating ambiguous words from Macedonian to Serbo_Croatian.,72,"ftyers,hperadin",Medium,"Code,Translation","translation,Macedonian,Serbo_Croatian,mt,nlp"
[3_59] find 70 rules for how to translate words with more than one possible translation from Serbo_Croatian to Macedonian,Write 70 <a href=""http://wiki.apertium.org/wiki/Constraint-based_lexical_selection_module"">lexical selection rules</a> for translating ambiguous words from Serbo_Croatian to Macedonian.,72,"ftyers,hperadin",Hard,"Code,Translation","translation,Serbo_Croatian,Macedonian,mt,nlp"
[3_60] find 70 rules for how to translate words with more than one possible translation from Macedonian to Serbo_Croatian,Write 70 <a href=""http://wiki.apertium.org/wiki/Constraint-based_lexical_selection_module"">lexical selection rules</a> for translating ambiguous words from Macedonian to Serbo_Croatian.,72,"ftyers,hperadin",Hard,"Code,Translation","translation,Macedonian,Serbo_Croatian,mt,nlp"
[3_61] find 10 rules for how to translate words with more than one possible translation from Turkish to Kyrgyz,Write 10 <a href=""http://wiki.apertium.org/wiki/Constraint-based_lexical_selection_module"">lexical selection rules</a> for translating ambiguous words from Turkish to Kyrgyz.,72,"ftyers,jnw",Easy,"Code,Translation","translation,Turkish,Kyrgyz,mt,nlp"
[3_62] find 10 rules for how to translate words with more than one possible translation from Kyrgyz to Turkish,Write 10 <a href=""http://wiki.apertium.org/wiki/Constraint-based_lexical_selection_module"">lexical selection rules</a> for translating ambiguous words from Kyrgyz to Turkish.,72,"ftyers,jnw",Easy,"Code,Translation","translation,Kyrgyz,Turkish,mt,nlp"
[3_63] find 50 rules for how to translate words with more than one possible translation from Turkish to Kyrgyz,Write 50 <a href=""http://wiki.apertium.org/wiki/Constraint-based_lexical_selection_module"">lexical selection rules</a> for translating ambiguous words from Turkish to Kyrgyz.,72,"ftyers,jnw",Medium,"Code,Translation","translation,Turkish,Kyrgyz,mt,nlp"
[3_64] find 50 rules for how to translate words with more than one possible translation from Kyrgyz to Turkish,Write 50 <a href=""http://wiki.apertium.org/wiki/Constraint-based_lexical_selection_module"">lexical selection rules</a> for translating ambiguous words from Kyrgyz to Turkish.,72,"ftyers,jnw",Medium,"Code,Translation","translation,Kyrgyz,Turkish,mt,nlp"
[3_65] find 70 rules for how to translate words with more than one possible translation from Turkish to Kyrgyz,Write 70 <a href=""http://wiki.apertium.org/wiki/Constraint-based_lexical_selection_module"">lexical selection rules</a> for translating ambiguous words from Turkish to Kyrgyz.,72,"ftyers,jnw",Hard,"Code,Translation","translation,Turkish,Kyrgyz,mt,nlp"
[3_66] find 70 rules for how to translate words with more than one possible translation from Kyrgyz to Turkish,Write 70 <a href=""http://wiki.apertium.org/wiki/Constraint-based_lexical_selection_module"">lexical selection rules</a> for translating ambiguous words from Kyrgyz to Turkish.,72,"ftyers,jnw",Hard,"Code,Translation","translation,Kyrgyz,Turkish,mt,nlp"
[3_67] find 10 rules for how to translate words with more than one possible translation from Turkish to Kazakh,Write 10 <a href=""http://wiki.apertium.org/wiki/Constraint-based_lexical_selection_module"">lexical selection rules</a> for translating ambiguous words from Turkish to Kazakh.,72,"ftyers,jnw",Easy,"Code,Translation","translation,Turkish,Kazakh,mt,nlp"
[3_68] find 10 rules for how to translate words with more than one possible translation from Kazakh to Turkish,Write 10 <a href=""http://wiki.apertium.org/wiki/Constraint-based_lexical_selection_module"">lexical selection rules</a> for translating ambiguous words from Kazakh to Turkish.,72,"ftyers,jnw",Easy,"Code,Translation","translation,Kazakh,Turkish,mt,nlp"
[3_69] find 50 rules for how to translate words with more than one possible translation from Turkish to Kazakh,Write 50 <a href=""http://wiki.apertium.org/wiki/Constraint-based_lexical_selection_module"">lexical selection rules</a> for translating ambiguous words from Turkish to Kazakh.,72,"ftyers,jnw",Medium,"Code,Translation","translation,Turkish,Kazakh,mt,nlp"
[3_70] find 50 rules for how to translate words with more than one possible translation from Kazakh to Turkish,Write 50 <a href=""http://wiki.apertium.org/wiki/Constraint-based_lexical_selection_module"">lexical selection rules</a> for translating ambiguous words from Kazakh to Turkish.,72,"ftyers,jnw",Medium,"Code,Translation","translation,Kazakh,Turkish,mt,nlp"
[3_71] find 70 rules for how to translate words with more than one possible translation from Turkish to Kazakh,Write 70 <a href=""http://wiki.apertium.org/wiki/Constraint-based_lexical_selection_module"">lexical selection rules</a> for translating ambiguous words from Turkish to Kazakh.,72,"ftyers,jnw",Hard,"Code,Translation","translation,Turkish,Kazakh,mt,nlp"
[3_72] find 70 rules for how to translate words with more than one possible translation from Kazakh to Turkish,Write 70 <a href=""http://wiki.apertium.org/wiki/Constraint-based_lexical_selection_module"">lexical selection rules</a> for translating ambiguous words from Kazakh to Turkish.,72,"ftyers,jnw",Hard,"Code,Translation","translation,Kazakh,Turkish,mt,nlp"
[3_73] find 10 rules for how to translate words with more than one possible translation from Turkish to Uzbek,Write 10 <a href=""http://wiki.apertium.org/wiki/Constraint-based_lexical_selection_module"">lexical selection rules</a> for translating ambiguous words from Turkish to Uzbek.,72,"ftyers,jnw",Easy,"Code,Translation","translation,Turkish,Uzbek,mt,nlp"
[3_74] find 10 rules for how to translate words with more than one possible translation from Uzbek to Turkish,Write 10 <a href=""http://wiki.apertium.org/wiki/Constraint-based_lexical_selection_module"">lexical selection rules</a> for translating ambiguous words from Uzbek to Turkish.,72,"ftyers,jnw",Easy,"Code,Translation","translation,Uzbek,Turkish,mt,nlp"
[3_75] find 50 rules for how to translate words with more than one possible translation from Turkish to Uzbek,Write 50 <a href=""http://wiki.apertium.org/wiki/Constraint-based_lexical_selection_module"">lexical selection rules</a> for translating ambiguous words from Turkish to Uzbek.,72,"ftyers,jnw",Medium,"Code,Translation","translation,Turkish,Uzbek,mt,nlp"
[3_76] find 50 rules for how to translate words with more than one possible translation from Uzbek to Turkish,Write 50 <a href=""http://wiki.apertium.org/wiki/Constraint-based_lexical_selection_module"">lexical selection rules</a> for translating ambiguous words from Uzbek to Turkish.,72,"ftyers,jnw",Medium,"Code,Translation","translation,Uzbek,Turkish,mt,nlp"
[3_77] find 70 rules for how to translate words with more than one possible translation from Turkish to Uzbek,Write 70 <a href=""http://wiki.apertium.org/wiki/Constraint-based_lexical_selection_module"">lexical selection rules</a> for translating ambiguous words from Turkish to Uzbek.,72,"ftyers,jnw",Hard,"Code,Translation","translation,Turkish,Uzbek,mt,nlp"
[3_78] find 70 rules for how to translate words with more than one possible translation from Uzbek to Turkish,Write 70 <a href=""http://wiki.apertium.org/wiki/Constraint-based_lexical_selection_module"">lexical selection rules</a> for translating ambiguous words from Uzbek to Turkish.,72,"ftyers,jnw",Hard,"Code,Translation","translation,Uzbek,Turkish,mt,nlp"
[3_79] find 10 rules for how to translate words with more than one possible translation from Chuvash to Russian,Write 10 <a href=""http://wiki.apertium.org/wiki/Constraint-based_lexical_selection_module"">lexical selection rules</a> for translating ambiguous words from Chuvash to Russian.,72,"ftyers,hectoralos",Easy,"Code,Translation","translation,Chuvash,Russian,mt,nlp"
[3_80] find 10 rules for how to translate words with more than one possible translation from Russian to Chuvash,Write 10 <a href=""http://wiki.apertium.org/wiki/Constraint-based_lexical_selection_module"">lexical selection rules</a> for translating ambiguous words from Russian to Chuvash.,72,"ftyers,hectoralos",Easy,"Code,Translation","translation,Russian,Chuvash,mt,nlp"
[3_81] find 50 rules for how to translate words with more than one possible translation from Chuvash to Russian,Write 50 <a href=""http://wiki.apertium.org/wiki/Constraint-based_lexical_selection_module"">lexical selection rules</a> for translating ambiguous words from Chuvash to Russian.,72,"ftyers,hectoralos",Medium,"Code,Translation","translation,Chuvash,Russian,mt,nlp"
[3_82] find 50 rules for how to translate words with more than one possible translation from Russian to Chuvash,Write 50 <a href=""http://wiki.apertium.org/wiki/Constraint-based_lexical_selection_module"">lexical selection rules</a> for translating ambiguous words from Russian to Chuvash.,72,"ftyers,hectoralos",Medium,"Code,Translation","translation,Russian,Chuvash,mt,nlp"
[3_83] find 70 rules for how to translate words with more than one possible translation from Chuvash to Russian,Write 70 <a href=""http://wiki.apertium.org/wiki/Constraint-based_lexical_selection_module"">lexical selection rules</a> for translating ambiguous words from Chuvash to Russian.,72,"ftyers,hectoralos",Hard,"Code,Translation","translation,Chuvash,Russian,mt,nlp"
[3_84] find 70 rules for how to translate words with more than one possible translation from Russian to Chuvash,Write 70 <a href=""http://wiki.apertium.org/wiki/Constraint-based_lexical_selection_module"">lexical selection rules</a> for translating ambiguous words from Russian to Chuvash.,72,"ftyers,hectoralos",Hard,"Code,Translation","translation,Russian,Chuvash,mt,nlp"
[3_85] find 10 rules for how to translate words with more than one possible translation from Komi to Russian,Write 10 <a href=""http://wiki.apertium.org/wiki/Constraint-based_lexical_selection_module"">lexical selection rules</a> for translating ambiguous words from Komi to Russian.,72,"ftyers,hectoralos",Easy,"Code,Translation","translation,Komi,Russian,mt,nlp"
[3_86] find 10 rules for how to translate words with more than one possible translation from Russian to Komi,Write 10 <a href=""http://wiki.apertium.org/wiki/Constraint-based_lexical_selection_module"">lexical selection rules</a> for translating ambiguous words from Russian to Komi.,72,"ftyers,hectoralos",Easy,"Code,Translation","translation,Russian,Komi,mt,nlp"
[3_87] find 50 rules for how to translate words with more than one possible translation from Komi to Russian,Write 50 <a href=""http://wiki.apertium.org/wiki/Constraint-based_lexical_selection_module"">lexical selection rules</a> for translating ambiguous words from Komi to Russian.,72,"ftyers,hectoralos",Medium,"Code,Translation","translation,Komi,Russian,mt,nlp"
[3_88] find 50 rules for how to translate words with more than one possible translation from Russian to Komi,Write 50 <a href=""http://wiki.apertium.org/wiki/Constraint-based_lexical_selection_module"">lexical selection rules</a> for translating ambiguous words from Russian to Komi.,72,"ftyers,hectoralos",Medium,"Code,Translation","translation,Russian,Komi,mt,nlp"
[3_89] find 70 rules for how to translate words with more than one possible translation from Komi to Russian,Write 70 <a href=""http://wiki.apertium.org/wiki/Constraint-based_lexical_selection_module"">lexical selection rules</a> for translating ambiguous words from Komi to Russian.,72,"ftyers,hectoralos",Hard,"Code,Translation","translation,Komi,Russian,mt,nlp"
[3_90] find 70 rules for how to translate words with more than one possible translation from Russian to Komi,Write 70 <a href=""http://wiki.apertium.org/wiki/Constraint-based_lexical_selection_module"">lexical selection rules</a> for translating ambiguous words from Russian to Komi.,72,"ftyers,hectoralos",Hard,"Code,Translation","translation,Russian,Komi,mt,nlp"
[3_91] find 10 rules for how to translate words with more than one possible translation from Tatar to Russian,Write 10 <a href=""http://wiki.apertium.org/wiki/Constraint-based_lexical_selection_module"">lexical selection rules</a> for translating ambiguous words from Tatar to Russian.,72,"ftyers,hectoralos",Easy,"Code,Translation","translation,Tatar,Russian,mt,nlp"
[3_92] find 10 rules for how to translate words with more than one possible translation from Russian to Tatar,Write 10 <a href=""http://wiki.apertium.org/wiki/Constraint-based_lexical_selection_module"">lexical selection rules</a> for translating ambiguous words from Russian to Tatar.,72,"ftyers,hectoralos",Easy,"Code,Translation","translation,Russian,Tatar,mt,nlp"
[3_93] find 50 rules for how to translate words with more than one possible translation from Tatar to Russian,Write 50 <a href=""http://wiki.apertium.org/wiki/Constraint-based_lexical_selection_module"">lexical selection rules</a> for translating ambiguous words from Tatar to Russian.,72,"ftyers,hectoralos",Medium,"Code,Translation","translation,Tatar,Russian,mt,nlp"
[3_94] find 50 rules for how to translate words with more than one possible translation from Russian to Tatar,Write 50 <a href=""http://wiki.apertium.org/wiki/Constraint-based_lexical_selection_module"">lexical selection rules</a> for translating ambiguous words from Russian to Tatar.,72,"ftyers,hectoralos",Medium,"Code,Translation","translation,Russian,Tatar,mt,nlp"
[3_95] find 70 rules for how to translate words with more than one possible translation from Tatar to Russian,Write 70 <a href=""http://wiki.apertium.org/wiki/Constraint-based_lexical_selection_module"">lexical selection rules</a> for translating ambiguous words from Tatar to Russian.,72,"ftyers,hectoralos",Hard,"Code,Translation","translation,Tatar,Russian,mt,nlp"
[3_96] find 70 rules for how to translate words with more than one possible translation from Russian to Tatar,Write 70 <a href=""http://wiki.apertium.org/wiki/Constraint-based_lexical_selection_module"">lexical selection rules</a> for translating ambiguous words from Russian to Tatar.,72,"ftyers,hectoralos",Hard,"Code,Translation","translation,Russian,Tatar,mt,nlp"
[3_97] find 10 rules for how to translate words with more than one possible translation from Bashkir to Russian,Write 10 <a href=""http://wiki.apertium.org/wiki/Constraint-based_lexical_selection_module"">lexical selection rules</a> for translating ambiguous words from Bashkir to Russian.,72,"ftyers,hectoralos",Easy,"Code,Translation","translation,Bashkir,Russian,mt,nlp"
[3_98] find 10 rules for how to translate words with more than one possible translation from Russian to Bashkir,Write 10 <a href=""http://wiki.apertium.org/wiki/Constraint-based_lexical_selection_module"">lexical selection rules</a> for translating ambiguous words from Russian to Bashkir.,72,"ftyers,hectoralos",Easy,"Code,Translation","translation,Russian,Bashkir,mt,nlp"
[3_99] find 50 rules for how to translate words with more than one possible translation from Bashkir to Russian,Write 50 <a href=""http://wiki.apertium.org/wiki/Constraint-based_lexical_selection_module"">lexical selection rules</a> for translating ambiguous words from Bashkir to Russian.,72,"ftyers,hectoralos",Medium,"Code,Translation","translation,Bashkir,Russian,mt,nlp"
[3_100] find 50 rules for how to translate words with more than one possible translation from Russian to Bashkir,Write 50 <a href=""http://wiki.apertium.org/wiki/Constraint-based_lexical_selection_module"">lexical selection rules</a> for translating ambiguous words from Russian to Bashkir.,72,"ftyers,hectoralos",Medium,"Code,Translation","translation,Russian,Bashkir,mt,nlp"
[3_101] find 70 rules for how to translate words with more than one possible translation from Bashkir to Russian,Write 70 <a href=""http://wiki.apertium.org/wiki/Constraint-based_lexical_selection_module"">lexical selection rules</a> for translating ambiguous words from Bashkir to Russian.,72,"ftyers,hectoralos",Hard,"Code,Translation","translation,Bashkir,Russian,mt,nlp"
[3_102] find 70 rules for how to translate words with more than one possible translation from Russian to Bashkir,Write 70 <a href=""http://wiki.apertium.org/wiki/Constraint-based_lexical_selection_module"">lexical selection rules</a> for translating ambiguous words from Russian to Bashkir.,72,"ftyers,hectoralos",Hard,"Code,Translation","translation,Russian,Bashkir,mt,nlp"
[3_103] find 10 rules for how to translate words with more than one possible translation from Yakut to Russian,Write 10 <a href=""http://wiki.apertium.org/wiki/Constraint-based_lexical_selection_module"">lexical selection rules</a> for translating ambiguous words from Yakut to Russian.,72,"ftyers,hectoralos",Easy,"Code,Translation","translation,Yakut,Russian,mt,nlp"
[3_104] find 10 rules for how to translate words with more than one possible translation from Russian to Yakut,Write 10 <a href=""http://wiki.apertium.org/wiki/Constraint-based_lexical_selection_module"">lexical selection rules</a> for translating ambiguous words from Russian to Yakut.,72,"ftyers,hectoralos",Easy,"Code,Translation","translation,Russian,Yakut,mt,nlp"
[3_105] find 50 rules for how to translate words with more than one possible translation from Yakut to Russian,Write 50 <a href=""http://wiki.apertium.org/wiki/Constraint-based_lexical_selection_module"">lexical selection rules</a> for translating ambiguous words from Yakut to Russian.,72,"ftyers,hectoralos",Medium,"Code,Translation","translation,Yakut,Russian,mt,nlp"
[3_106] find 50 rules for how to translate words with more than one possible translation from Russian to Yakut,Write 50 <a href=""http://wiki.apertium.org/wiki/Constraint-based_lexical_selection_module"">lexical selection rules</a> for translating ambiguous words from Russian to Yakut.,72,"ftyers,hectoralos",Medium,"Code,Translation","translation,Russian,Yakut,mt,nlp"
[3_107] find 70 rules for how to translate words with more than one possible translation from Yakut to Russian,Write 70 <a href=""http://wiki.apertium.org/wiki/Constraint-based_lexical_selection_module"">lexical selection rules</a> for translating ambiguous words from Yakut to Russian.,72,"ftyers,hectoralos",Hard,"Code,Translation","translation,Yakut,Russian,mt,nlp"
[3_108] find 70 rules for how to translate words with more than one possible translation from Russian to Yakut,Write 70 <a href=""http://wiki.apertium.org/wiki/Constraint-based_lexical_selection_module"">lexical selection rules</a> for translating ambiguous words from Russian to Yakut.,72,"ftyers,hectoralos",Hard,"Code,Translation","translation,Russian,Yakut,mt,nlp"
[3_109] find 10 rules for how to translate words with more than one possible translation from Komi to Russian,Write 10 <a href=""http://wiki.apertium.org/wiki/Constraint-based_lexical_selection_module"">lexical selection rules</a> for translating ambiguous words from Komi to Russian.,72,"ftyers,hectoralos",Easy,"Code,Translation","translation,Komi,Russian,mt,nlp"
[3_110] find 10 rules for how to translate words with more than one possible translation from Russian to Komi,Write 10 <a href=""http://wiki.apertium.org/wiki/Constraint-based_lexical_selection_module"">lexical selection rules</a> for translating ambiguous words from Russian to Komi.,72,"ftyers,hectoralos",Easy,"Code,Translation","translation,Russian,Komi,mt,nlp"
[3_111] find 50 rules for how to translate words with more than one possible translation from Komi to Russian,Write 50 <a href=""http://wiki.apertium.org/wiki/Constraint-based_lexical_selection_module"">lexical selection rules</a> for translating ambiguous words from Komi to Russian.,72,"ftyers,hectoralos",Medium,"Code,Translation","translation,Komi,Russian,mt,nlp"
[3_112] find 50 rules for how to translate words with more than one possible translation from Russian to Komi,Write 50 <a href=""http://wiki.apertium.org/wiki/Constraint-based_lexical_selection_module"">lexical selection rules</a> for translating ambiguous words from Russian to Komi.,72,"ftyers,hectoralos",Medium,"Code,Translation","translation,Russian,Komi,mt,nlp"
[3_113] find 70 rules for how to translate words with more than one possible translation from Komi to Russian,Write 70 <a href=""http://wiki.apertium.org/wiki/Constraint-based_lexical_selection_module"">lexical selection rules</a> for translating ambiguous words from Komi to Russian.,72,"ftyers,hectoralos",Hard,"Code,Translation","translation,Komi,Russian,mt,nlp"
[3_114] find 70 rules for how to translate words with more than one possible translation from Russian to Komi,Write 70 <a href=""http://wiki.apertium.org/wiki/Constraint-based_lexical_selection_module"">lexical selection rules</a> for translating ambiguous words from Russian to Komi.,72,"ftyers,hectoralos",Hard,"Code,Translation","translation,Russian,Komi,mt,nlp"
[3_115] find 10 rules for how to translate words with more than one possible translation from Udmurt to Russian,Write 10 <a href=""http://wiki.apertium.org/wiki/Constraint-based_lexical_selection_module"">lexical selection rules</a> for translating ambiguous words from Udmurt to Russian.,72,"ftyers,hectoralos",Easy,"Code,Translation","translation,Udmurt,Russian,mt,nlp"
[3_116] find 10 rules for how to translate words with more than one possible translation from Russian to Udmurt,Write 10 <a href=""http://wiki.apertium.org/wiki/Constraint-based_lexical_selection_module"">lexical selection rules</a> for translating ambiguous words from Russian to Udmurt.,72,"ftyers,hectoralos",Easy,"Code,Translation","translation,Russian,Udmurt,mt,nlp"
[3_117] find 50 rules for how to translate words with more than one possible translation from Udmurt to Russian,Write 50 <a href=""http://wiki.apertium.org/wiki/Constraint-based_lexical_selection_module"">lexical selection rules</a> for translating ambiguous words from Udmurt to Russian.,72,"ftyers,hectoralos",Medium,"Code,Translation","translation,Udmurt,Russian,mt,nlp"
[3_118] find 50 rules for how to translate words with more than one possible translation from Russian to Udmurt,Write 50 <a href=""http://wiki.apertium.org/wiki/Constraint-based_lexical_selection_module"">lexical selection rules</a> for translating ambiguous words from Russian to Udmurt.,72,"ftyers,hectoralos",Medium,"Code,Translation","translation,Russian,Udmurt,mt,nlp"
[3_119] find 70 rules for how to translate words with more than one possible translation from Udmurt to Russian,Write 70 <a href=""http://wiki.apertium.org/wiki/Constraint-based_lexical_selection_module"">lexical selection rules</a> for translating ambiguous words from Udmurt to Russian.,72,"ftyers,hectoralos",Hard,"Code,Translation","translation,Udmurt,Russian,mt,nlp"
[3_120] find 70 rules for how to translate words with more than one possible translation from Russian to Udmurt,Write 70 <a href=""http://wiki.apertium.org/wiki/Constraint-based_lexical_selection_module"">lexical selection rules</a> for translating ambiguous words from Russian to Udmurt.,72,"ftyers,hectoralos",Hard,"Code,Translation","translation,Russian,Udmurt,mt,nlp"
[3_121] find 10 rules for how to translate words with more than one possible translation from Mari to Russian,Write 10 <a href=""http://wiki.apertium.org/wiki/Constraint-based_lexical_selection_module"">lexical selection rules</a> for translating ambiguous words from Mari to Russian.,72,"ftyers,hectoralos",Easy,"Code,Translation","translation,Mari,Russian,mt,nlp"
[3_122] find 10 rules for how to translate words with more than one possible translation from Russian to Mari,Write 10 <a href=""http://wiki.apertium.org/wiki/Constraint-based_lexical_selection_module"">lexical selection rules</a> for translating ambiguous words from Russian to Mari.,72,"ftyers,hectoralos",Easy,"Code,Translation","translation,Russian,Mari,mt,nlp"
[3_123] find 50 rules for how to translate words with more than one possible translation from Mari to Russian,Write 50 <a href=""http://wiki.apertium.org/wiki/Constraint-based_lexical_selection_module"">lexical selection rules</a> for translating ambiguous words from Mari to Russian.,72,"ftyers,hectoralos",Medium,"Code,Translation","translation,Mari,Russian,mt,nlp"
[3_124] find 50 rules for how to translate words with more than one possible translation from Russian to Mari,Write 50 <a href=""http://wiki.apertium.org/wiki/Constraint-based_lexical_selection_module"">lexical selection rules</a> for translating ambiguous words from Russian to Mari.,72,"ftyers,hectoralos",Medium,"Code,Translation","translation,Russian,Mari,mt,nlp"
[3_125] find 70 rules for how to translate words with more than one possible translation from Mari to Russian,Write 70 <a href=""http://wiki.apertium.org/wiki/Constraint-based_lexical_selection_module"">lexical selection rules</a> for translating ambiguous words from Mari to Russian.,72,"ftyers,hectoralos",Hard,"Code,Translation","translation,Mari,Russian,mt,nlp"
[3_126] find 70 rules for how to translate words with more than one possible translation from Russian to Mari,Write 70 <a href=""http://wiki.apertium.org/wiki/Constraint-based_lexical_selection_module"">lexical selection rules</a> for translating ambiguous words from Russian to Mari.,72,"ftyers,hectoralos",Hard,"Code,Translation","translation,Russian,Mari,mt,nlp"
[3_127] find 10 rules for how to translate words with more than one possible translation from Ossetian to Russian,Write 10 <a href=""http://wiki.apertium.org/wiki/Constraint-based_lexical_selection_module"">lexical selection rules</a> for translating ambiguous words from Ossetian to Russian.,72,"ftyers,hectoralos",Easy,"Code,Translation","translation,Ossetian,Russian,mt,nlp"
[3_128] find 10 rules for how to translate words with more than one possible translation from Russian to Ossetian,Write 10 <a href=""http://wiki.apertium.org/wiki/Constraint-based_lexical_selection_module"">lexical selection rules</a> for translating ambiguous words from Russian to Ossetian.,72,"ftyers,hectoralos",Easy,"Code,Translation","translation,Russian,Ossetian,mt,nlp"
[3_129] find 50 rules for how to translate words with more than one possible translation from Ossetian to Russian,Write 50 <a href=""http://wiki.apertium.org/wiki/Constraint-based_lexical_selection_module"">lexical selection rules</a> for translating ambiguous words from Ossetian to Russian.,72,"ftyers,hectoralos",Medium,"Code,Translation","translation,Ossetian,Russian,mt,nlp"
[3_130] find 50 rules for how to translate words with more than one possible translation from Russian to Ossetian,Write 50 <a href=""http://wiki.apertium.org/wiki/Constraint-based_lexical_selection_module"">lexical selection rules</a> for translating ambiguous words from Russian to Ossetian.,72,"ftyers,hectoralos",Medium,"Code,Translation","translation,Russian,Ossetian,mt,nlp"
[3_131] find 70 rules for how to translate words with more than one possible translation from Ossetian to Russian,Write 70 <a href=""http://wiki.apertium.org/wiki/Constraint-based_lexical_selection_module"">lexical selection rules</a> for translating ambiguous words from Ossetian to Russian.,72,"ftyers,hectoralos",Hard,"Code,Translation","translation,Ossetian,Russian,mt,nlp"
[3_132] find 70 rules for how to translate words with more than one possible translation from Russian to Ossetian,Write 70 <a href=""http://wiki.apertium.org/wiki/Constraint-based_lexical_selection_module"">lexical selection rules</a> for translating ambiguous words from Russian to Ossetian.,72,"ftyers,hectoralos",Hard,"Code,Translation","translation,Russian,Ossetian,mt,nlp"
[3_133] find 10 rules for how to translate words with more than one possible translation from Buryat to Russian,Write 10 <a href=""http://wiki.apertium.org/wiki/Constraint-based_lexical_selection_module"">lexical selection rules</a> for translating ambiguous words from Buryat to Russian.,72,"ftyers,hectoralos",Easy,"Code,Translation","translation,Buryat,Russian,mt,nlp"
[3_134] find 10 rules for how to translate words with more than one possible translation from Russian to Buryat,Write 10 <a href=""http://wiki.apertium.org/wiki/Constraint-based_lexical_selection_module"">lexical selection rules</a> for translating ambiguous words from Russian to Buryat.,72,"ftyers,hectoralos",Easy,"Code,Translation","translation,Russian,Buryat,mt,nlp"
[3_135] find 50 rules for how to translate words with more than one possible translation from Buryat to Russian,Write 50 <a href=""http://wiki.apertium.org/wiki/Constraint-based_lexical_selection_module"">lexical selection rules</a> for translating ambiguous words from Buryat to Russian.,72,"ftyers,hectoralos",Medium,"Code,Translation","translation,Buryat,Russian,mt,nlp"
[3_136] find 50 rules for how to translate words with more than one possible translation from Russian to Buryat,Write 50 <a href=""http://wiki.apertium.org/wiki/Constraint-based_lexical_selection_module"">lexical selection rules</a> for translating ambiguous words from Russian to Buryat.,72,"ftyers,hectoralos",Medium,"Code,Translation","translation,Russian,Buryat,mt,nlp"
[3_137] find 70 rules for how to translate words with more than one possible translation from Buryat to Russian,Write 70 <a href=""http://wiki.apertium.org/wiki/Constraint-based_lexical_selection_module"">lexical selection rules</a> for translating ambiguous words from Buryat to Russian.,72,"ftyers,hectoralos",Hard,"Code,Translation","translation,Buryat,Russian,mt,nlp"
[3_138] find 70 rules for how to translate words with more than one possible translation from Russian to Buryat,Write 70 <a href=""http://wiki.apertium.org/wiki/Constraint-based_lexical_selection_module"">lexical selection rules</a> for translating ambiguous words from Russian to Buryat.,72,"ftyers,hectoralos",Hard,"Code,Translation","translation,Russian,Buryat,mt,nlp"
[3_139] find 10 rules for how to translate words with more than one possible translation from Kyrgyz to Russian,Write 10 <a href=""http://wiki.apertium.org/wiki/Constraint-based_lexical_selection_module"">lexical selection rules</a> for translating ambiguous words from Kyrgyz to Russian.,72,"ftyers,hectoralos",Easy,"Code,Translation","translation,Kyrgyz,Russian,mt,nlp"
[3_140] find 10 rules for how to translate words with more than one possible translation from Russian to Kyrgyz,Write 10 <a href=""http://wiki.apertium.org/wiki/Constraint-based_lexical_selection_module"">lexical selection rules</a> for translating ambiguous words from Russian to Kyrgyz.,72,"ftyers,hectoralos",Easy,"Code,Translation","translation,Russian,Kyrgyz,mt,nlp"
[3_141] find 50 rules for how to translate words with more than one possible translation from Kyrgyz to Russian,Write 50 <a href=""http://wiki.apertium.org/wiki/Constraint-based_lexical_selection_module"">lexical selection rules</a> for translating ambiguous words from Kyrgyz to Russian.,72,"ftyers,hectoralos",Medium,"Code,Translation","translation,Kyrgyz,Russian,mt,nlp"
[3_142] find 50 rules for how to translate words with more than one possible translation from Russian to Kyrgyz,Write 50 <a href=""http://wiki.apertium.org/wiki/Constraint-based_lexical_selection_module"">lexical selection rules</a> for translating ambiguous words from Russian to Kyrgyz.,72,"ftyers,hectoralos",Medium,"Code,Translation","translation,Russian,Kyrgyz,mt,nlp"
[3_143] find 70 rules for how to translate words with more than one possible translation from Kyrgyz to Russian,Write 70 <a href=""http://wiki.apertium.org/wiki/Constraint-based_lexical_selection_module"">lexical selection rules</a> for translating ambiguous words from Kyrgyz to Russian.,72,"ftyers,hectoralos",Hard,"Code,Translation","translation,Kyrgyz,Russian,mt,nlp"
[3_144] find 70 rules for how to translate words with more than one possible translation from Russian to Kyrgyz,Write 70 <a href=""http://wiki.apertium.org/wiki/Constraint-based_lexical_selection_module"">lexical selection rules</a> for translating ambiguous words from Russian to Kyrgyz.,72,"ftyers,hectoralos",Hard,"Code,Translation","translation,Russian,Kyrgyz,mt,nlp"
[3_145] find 10 rules for how to translate words with more than one possible translation from Kazakh to Russian,Write 10 <a href=""http://wiki.apertium.org/wiki/Constraint-based_lexical_selection_module"">lexical selection rules</a> for translating ambiguous words from Kazakh to Russian.,72,"ftyers,hectoralos",Easy,"Code,Translation","translation,Kazakh,Russian,mt,nlp"
[3_146] find 10 rules for how to translate words with more than one possible translation from Russian to Kazakh,Write 10 <a href=""http://wiki.apertium.org/wiki/Constraint-based_lexical_selection_module"">lexical selection rules</a> for translating ambiguous words from Russian to Kazakh.,72,"ftyers,hectoralos",Easy,"Code,Translation","translation,Russian,Kazakh,mt,nlp"
[3_147] find 50 rules for how to translate words with more than one possible translation from Kazakh to Russian,Write 50 <a href=""http://wiki.apertium.org/wiki/Constraint-based_lexical_selection_module"">lexical selection rules</a> for translating ambiguous words from Kazakh to Russian.,72,"ftyers,hectoralos",Medium,"Code,Translation","translation,Kazakh,Russian,mt,nlp"
[3_148] find 50 rules for how to translate words with more than one possible translation from Russian to Kazakh,Write 50 <a href=""http://wiki.apertium.org/wiki/Constraint-based_lexical_selection_module"">lexical selection rules</a> for translating ambiguous words from Russian to Kazakh.,72,"ftyers,hectoralos",Medium,"Code,Translation","translation,Russian,Kazakh,mt,nlp"
[3_149] find 70 rules for how to translate words with more than one possible translation from Kazakh to Russian,Write 70 <a href=""http://wiki.apertium.org/wiki/Constraint-based_lexical_selection_module"">lexical selection rules</a> for translating ambiguous words from Kazakh to Russian.,72,"ftyers,hectoralos",Hard,"Code,Translation","translation,Kazakh,Russian,mt,nlp"
[3_150] find 70 rules for how to translate words with more than one possible translation from Russian to Kazakh,Write 70 <a href=""http://wiki.apertium.org/wiki/Constraint-based_lexical_selection_module"">lexical selection rules</a> for translating ambiguous words from Russian to Kazakh.,72,"ftyers,hectoralos",Hard,"Code,Translation","translation,Russian,Kazakh,mt,nlp"
[3_151] find 10 rules for how to translate words with more than one possible translation from Turkish to Chuvash,Write 10 <a href=""http://wiki.apertium.org/wiki/Constraint-based_lexical_selection_module"">lexical selection rules</a> for translating ambiguous words from Turkish to Chuvash.,72,"ftyers,hectoralos",Easy,"Code,Translation","translation,Turkish,Chuvash,mt,nlp"
[3_152] find 10 rules for how to translate words with more than one possible translation from Chuvash to Turkish,Write 10 <a href=""http://wiki.apertium.org/wiki/Constraint-based_lexical_selection_module"">lexical selection rules</a> for translating ambiguous words from Chuvash to Turkish.,72,"ftyers,hectoralos",Easy,"Code,Translation","translation,Chuvash,Turkish,mt,nlp"
[3_153] find 50 rules for how to translate words with more than one possible translation from Turkish to Chuvash,Write 50 <a href=""http://wiki.apertium.org/wiki/Constraint-based_lexical_selection_module"">lexical selection rules</a> for translating ambiguous words from Turkish to Chuvash.,72,"ftyers,hectoralos",Medium,"Code,Translation","translation,Turkish,Chuvash,mt,nlp"
[3_154] find 50 rules for how to translate words with more than one possible translation from Chuvash to Turkish,Write 50 <a href=""http://wiki.apertium.org/wiki/Constraint-based_lexical_selection_module"">lexical selection rules</a> for translating ambiguous words from Chuvash to Turkish.,72,"ftyers,hectoralos",Medium,"Code,Translation","translation,Chuvash,Turkish,mt,nlp"
[3_155] find 70 rules for how to translate words with more than one possible translation from Turkish to Chuvash,Write 70 <a href=""http://wiki.apertium.org/wiki/Constraint-based_lexical_selection_module"">lexical selection rules</a> for translating ambiguous words from Turkish to Chuvash.,72,"ftyers,hectoralos",Hard,"Code,Translation","translation,Turkish,Chuvash,mt,nlp"
[3_156] find 70 rules for how to translate words with more than one possible translation from Chuvash to Turkish,Write 70 <a href=""http://wiki.apertium.org/wiki/Constraint-based_lexical_selection_module"">lexical selection rules</a> for translating ambiguous words from Chuvash to Turkish.,72,"ftyers,hectoralos",Hard,"Code,Translation","translation,Chuvash,Turkish,mt,nlp"
[3_157] find 10 rules for how to translate words with more than one possible translation from Maltese to Hebrew,Write 10 <a href=""http://wiki.apertium.org/wiki/Constraint-based_lexical_selection_module"">lexical selection rules</a> for translating ambiguous words from Maltese to Hebrew.,72,"ftyers,unhammer",Easy,"Code,Translation","translation,Maltese,Hebrew,mt,nlp"
[3_158] find 10 rules for how to translate words with more than one possible translation from Hebrew to Maltese,Write 10 <a href=""http://wiki.apertium.org/wiki/Constraint-based_lexical_selection_module"">lexical selection rules</a> for translating ambiguous words from Hebrew to Maltese.,72,"ftyers,unhammer",Easy,"Code,Translation","translation,Hebrew,Maltese,mt,nlp"
[3_159] find 50 rules for how to translate words with more than one possible translation from Maltese to Hebrew,Write 50 <a href=""http://wiki.apertium.org/wiki/Constraint-based_lexical_selection_module"">lexical selection rules</a> for translating ambiguous words from Maltese to Hebrew.,72,"ftyers,unhammer",Medium,"Code,Translation","translation,Maltese,Hebrew,mt,nlp"
[3_160] find 50 rules for how to translate words with more than one possible translation from Hebrew to Maltese,Write 50 <a href=""http://wiki.apertium.org/wiki/Constraint-based_lexical_selection_module"">lexical selection rules</a> for translating ambiguous words from Hebrew to Maltese.,72,"ftyers,unhammer",Medium,"Code,Translation","translation,Hebrew,Maltese,mt,nlp"
[3_161] find 70 rules for how to translate words with more than one possible translation from Maltese to Hebrew,Write 70 <a href=""http://wiki.apertium.org/wiki/Constraint-based_lexical_selection_module"">lexical selection rules</a> for translating ambiguous words from Maltese to Hebrew.,72,"ftyers,unhammer",Hard,"Code,Translation","translation,Maltese,Hebrew,mt,nlp"
[3_162] find 70 rules for how to translate words with more than one possible translation from Hebrew to Maltese,Write 70 <a href=""http://wiki.apertium.org/wiki/Constraint-based_lexical_selection_module"">lexical selection rules</a> for translating ambiguous words from Hebrew to Maltese.,72,"ftyers,unhammer",Hard,"Code,Translation","translation,Hebrew,Maltese,mt,nlp"
[3_163] find 10 rules for how to translate words with more than one possible translation from French to Spanish,Write 10 <a href=""http://wiki.apertium.org/wiki/Constraint-based_lexical_selection_module"">lexical selection rules</a> for translating ambiguous words from French to Spanish.,72,"ftyers,jimregan",Easy,"Code,Translation","translation,French,Spanish,mt,nlp"
[3_164] find 10 rules for how to translate words with more than one possible translation from Spanish to French,Write 10 <a href=""http://wiki.apertium.org/wiki/Constraint-based_lexical_selection_module"">lexical selection rules</a> for translating ambiguous words from Spanish to French.,72,"ftyers,jimregan",Easy,"Code,Translation","translation,Spanish,French,mt,nlp"
[3_165] find 50 rules for how to translate words with more than one possible translation from French to Spanish,Write 50 <a href=""http://wiki.apertium.org/wiki/Constraint-based_lexical_selection_module"">lexical selection rules</a> for translating ambiguous words from French to Spanish.,72,"ftyers,jimregan",Medium,"Code,Translation","translation,French,Spanish,mt,nlp"
[3_166] find 50 rules for how to translate words with more than one possible translation from Spanish to French,Write 50 <a href=""http://wiki.apertium.org/wiki/Constraint-based_lexical_selection_module"">lexical selection rules</a> for translating ambiguous words from Spanish to French.,72,"ftyers,jimregan",Medium,"Code,Translation","translation,Spanish,French,mt,nlp"
[3_167] find 70 rules for how to translate words with more than one possible translation from French to Spanish,Write 70 <a href=""http://wiki.apertium.org/wiki/Constraint-based_lexical_selection_module"">lexical selection rules</a> for translating ambiguous words from French to Spanish.,72,"ftyers,jimregan",Hard,"Code,Translation","translation,French,Spanish,mt,nlp"
[3_168] find 70 rules for how to translate words with more than one possible translation from Spanish to French,Write 70 <a href=""http://wiki.apertium.org/wiki/Constraint-based_lexical_selection_module"">lexical selection rules</a> for translating ambiguous words from Spanish to French.,72,"ftyers,jimregan",Hard,"Code,Translation","translation,Spanish,French,mt,nlp"
[3_169] find 10 rules for how to translate words with more than one possible translation from French to Portuguese,Write 10 <a href=""http://wiki.apertium.org/wiki/Constraint-based_lexical_selection_module"">lexical selection rules</a> for translating ambiguous words from French to Portuguese.,72,"ftyers,jimregan",Easy,"Code,Translation","translation,French,Portuguese,mt,nlp"
[3_170] find 10 rules for how to translate words with more than one possible translation from Portuguese to French,Write 10 <a href=""http://wiki.apertium.org/wiki/Constraint-based_lexical_selection_module"">lexical selection rules</a> for translating ambiguous words from Portuguese to French.,72,"ftyers,jimregan",Easy,"Code,Translation","translation,Portuguese,French,mt,nlp"
[3_171] find 50 rules for how to translate words with more than one possible translation from French to Portuguese,Write 50 <a href=""http://wiki.apertium.org/wiki/Constraint-based_lexical_selection_module"">lexical selection rules</a> for translating ambiguous words from French to Portuguese.,72,"ftyers,jimregan",Medium,"Code,Translation","translation,French,Portuguese,mt,nlp"
[3_172] find 50 rules for how to translate words with more than one possible translation from Portuguese to French,Write 50 <a href=""http://wiki.apertium.org/wiki/Constraint-based_lexical_selection_module"">lexical selection rules</a> for translating ambiguous words from Portuguese to French.,72,"ftyers,jimregan",Medium,"Code,Translation","translation,Portuguese,French,mt,nlp"
[3_173] find 70 rules for how to translate words with more than one possible translation from French to Portuguese,Write 70 <a href=""http://wiki.apertium.org/wiki/Constraint-based_lexical_selection_module"">lexical selection rules</a> for translating ambiguous words from French to Portuguese.,72,"ftyers,jimregan",Hard,"Code,Translation","translation,French,Portuguese,mt,nlp"
[3_174] find 70 rules for how to translate words with more than one possible translation from Portuguese to French,Write 70 <a href=""http://wiki.apertium.org/wiki/Constraint-based_lexical_selection_module"">lexical selection rules</a> for translating ambiguous words from Portuguese to French.,72,"ftyers,jimregan",Hard,"Code,Translation","translation,Portuguese,French,mt,nlp"
[3_175] find 10 rules for how to translate words with more than one possible translation from French to Catalan,Write 10 <a href=""http://wiki.apertium.org/wiki/Constraint-based_lexical_selection_module"">lexical selection rules</a> for translating ambiguous words from French to Catalan.,72,"ftyers,jimregan",Easy,"Code,Translation","translation,French,Catalan,mt,nlp"
[3_176] find 10 rules for how to translate words with more than one possible translation from Catalan to French,Write 10 <a href=""http://wiki.apertium.org/wiki/Constraint-based_lexical_selection_module"">lexical selection rules</a> for translating ambiguous words from Catalan to French.,72,"ftyers,jimregan",Easy,"Code,Translation","translation,Catalan,French,mt,nlp"
[3_177] find 50 rules for how to translate words with more than one possible translation from French to Catalan,Write 50 <a href=""http://wiki.apertium.org/wiki/Constraint-based_lexical_selection_module"">lexical selection rules</a> for translating ambiguous words from French to Catalan.,72,"ftyers,jimregan",Medium,"Code,Translation","translation,French,Catalan,mt,nlp"
[3_178] find 50 rules for how to translate words with more than one possible translation from Catalan to French,Write 50 <a href=""http://wiki.apertium.org/wiki/Constraint-based_lexical_selection_module"">lexical selection rules</a> for translating ambiguous words from Catalan to French.,72,"ftyers,jimregan",Medium,"Code,Translation","translation,Catalan,French,mt,nlp"
[3_179] find 70 rules for how to translate words with more than one possible translation from French to Catalan,Write 70 <a href=""http://wiki.apertium.org/wiki/Constraint-based_lexical_selection_module"">lexical selection rules</a> for translating ambiguous words from French to Catalan.,72,"ftyers,jimregan",Hard,"Code,Translation","translation,French,Catalan,mt,nlp"
[3_180] find 70 rules for how to translate words with more than one possible translation from Catalan to French,Write 70 <a href=""http://wiki.apertium.org/wiki/Constraint-based_lexical_selection_module"">lexical selection rules</a> for translating ambiguous words from Catalan to French.,72,"ftyers,jimregan",Hard,"Code,Translation","translation,Catalan,French,mt,nlp"
[3_181] find 10 rules for how to translate words with more than one possible translation from Northern_Smi to Norwegian,Write 10 <a href=""http://wiki.apertium.org/wiki/Constraint-based_lexical_selection_module"">lexical selection rules</a> for translating ambiguous words from Northern_Smi to Norwegian.,72,"ftyers,unhammer",Easy,"Code,Translation","translation,Northern_Smi,Norwegian,mt,nlp"
[3_182] find 10 rules for how to translate words with more than one possible translation from Norwegian to Northern_Smi,Write 10 <a href=""http://wiki.apertium.org/wiki/Constraint-based_lexical_selection_module"">lexical selection rules</a> for translating ambiguous words from Norwegian to Northern_Smi.,72,"ftyers,unhammer",Easy,"Code,Translation","translation,Norwegian,Northern_Smi,mt,nlp"
[3_183] find 50 rules for how to translate words with more than one possible translation from Northern_Smi to Norwegian,Write 50 <a href=""http://wiki.apertium.org/wiki/Constraint-based_lexical_selection_module"">lexical selection rules</a> for translating ambiguous words from Northern_Smi to Norwegian.,72,"ftyers,unhammer",Medium,"Code,Translation","translation,Northern_Smi,Norwegian,mt,nlp"
[3_184] find 50 rules for how to translate words with more than one possible translation from Norwegian to Northern_Smi,Write 50 <a href=""http://wiki.apertium.org/wiki/Constraint-based_lexical_selection_module"">lexical selection rules</a> for translating ambiguous words from Norwegian to Northern_Smi.,72,"ftyers,unhammer",Medium,"Code,Translation","translation,Norwegian,Northern_Smi,mt,nlp"
[3_185] find 70 rules for how to translate words with more than one possible translation from Northern_Smi to Norwegian,Write 70 <a href=""http://wiki.apertium.org/wiki/Constraint-based_lexical_selection_module"">lexical selection rules</a> for translating ambiguous words from Northern_Smi to Norwegian.,72,"ftyers,unhammer",Hard,"Code,Translation","translation,Northern_Smi,Norwegian,mt,nlp"
[3_186] find 70 rules for how to translate words with more than one possible translation from Norwegian to Northern_Smi,Write 70 <a href=""http://wiki.apertium.org/wiki/Constraint-based_lexical_selection_module"">lexical selection rules</a> for translating ambiguous words from Norwegian to Northern_Smi.,72,"ftyers,unhammer",Hard,"Code,Translation","translation,Norwegian,Northern_Smi,mt,nlp"
[3_187] find 10 rules for how to translate words with more than one possible translation from Esperanto to English,Write 10 <a href=""http://wiki.apertium.org/wiki/Constraint-based_lexical_selection_module"">lexical selection rules</a> for translating ambiguous words from Esperanto to English.,72,"ftyers,hectoralos",Easy,"Code,Translation","translation,Esperanto,English,mt,nlp"
[3_188] find 10 rules for how to translate words with more than one possible translation from English to Esperanto,Write 10 <a href=""http://wiki.apertium.org/wiki/Constraint-based_lexical_selection_module"">lexical selection rules</a> for translating ambiguous words from English to Esperanto.,72,"ftyers,hectoralos",Easy,"Code,Translation","translation,English,Esperanto,mt,nlp"
[3_189] find 50 rules for how to translate words with more than one possible translation from Esperanto to English,Write 50 <a href=""http://wiki.apertium.org/wiki/Constraint-based_lexical_selection_module"">lexical selection rules</a> for translating ambiguous words from Esperanto to English.,72,"ftyers,hectoralos",Medium,"Code,Translation","translation,Esperanto,English,mt,nlp"
[3_190] find 50 rules for how to translate words with more than one possible translation from English to Esperanto,Write 50 <a href=""http://wiki.apertium.org/wiki/Constraint-based_lexical_selection_module"">lexical selection rules</a> for translating ambiguous words from English to Esperanto.,72,"ftyers,hectoralos",Medium,"Code,Translation","translation,English,Esperanto,mt,nlp"
[3_191] find 70 rules for how to translate words with more than one possible translation from Esperanto to English,Write 70 <a href=""http://wiki.apertium.org/wiki/Constraint-based_lexical_selection_module"">lexical selection rules</a> for translating ambiguous words from Esperanto to English.,72,"ftyers,hectoralos",Hard,"Code,Translation","translation,Esperanto,English,mt,nlp"
[3_192] find 70 rules for how to translate words with more than one possible translation from English to Esperanto,Write 70 <a href=""http://wiki.apertium.org/wiki/Constraint-based_lexical_selection_module"">lexical selection rules</a> for translating ambiguous words from English to Esperanto.,72,"ftyers,hectoralos",Hard,"Code,Translation","translation,English,Esperanto,mt,nlp"
[3_193] find 10 rules for how to translate words with more than one possible translation from Esperanto to Russian,Write 10 <a href=""http://wiki.apertium.org/wiki/Constraint-based_lexical_selection_module"">lexical selection rules</a> for translating ambiguous words from Esperanto to Russian.,72,"ftyers,hectoralos",Easy,"Code,Translation","translation,Esperanto,Russian,mt,nlp"
[3_194] find 10 rules for how to translate words with more than one possible translation from Russian to Esperanto,Write 10 <a href=""http://wiki.apertium.org/wiki/Constraint-based_lexical_selection_module"">lexical selection rules</a> for translating ambiguous words from Russian to Esperanto.,72,"ftyers,hectoralos",Easy,"Code,Translation","translation,Russian,Esperanto,mt,nlp"
[3_195] find 50 rules for how to translate words with more than one possible translation from Esperanto to Russian,Write 50 <a href=""http://wiki.apertium.org/wiki/Constraint-based_lexical_selection_module"">lexical selection rules</a> for translating ambiguous words from Esperanto to Russian.,72,"ftyers,hectoralos",Medium,"Code,Translation","translation,Esperanto,Russian,mt,nlp"
[3_196] find 50 rules for how to translate words with more than one possible translation from Russian to Esperanto,Write 50 <a href=""http://wiki.apertium.org/wiki/Constraint-based_lexical_selection_module"">lexical selection rules</a> for translating ambiguous words from Russian to Esperanto.,72,"ftyers,hectoralos",Medium,"Code,Translation","translation,Russian,Esperanto,mt,nlp"
[3_197] find 70 rules for how to translate words with more than one possible translation from Esperanto to Russian,Write 70 <a href=""http://wiki.apertium.org/wiki/Constraint-based_lexical_selection_module"">lexical selection rules</a> for translating ambiguous words from Esperanto to Russian.,72,"ftyers,hectoralos",Hard,"Code,Translation","translation,Esperanto,Russian,mt,nlp"
[3_198] find 70 rules for how to translate words with more than one possible translation from Russian to Esperanto,Write 70 <a href=""http://wiki.apertium.org/wiki/Constraint-based_lexical_selection_module"">lexical selection rules</a> for translating ambiguous words from Russian to Esperanto.,72,"ftyers,hectoralos",Hard,"Code,Translation","translation,Russian,Esperanto,mt,nlp"
[3_199] find 10 rules for how to translate words with more than one possible translation from Esperanto to Catalan,Write 10 <a href=""http://wiki.apertium.org/wiki/Constraint-based_lexical_selection_module"">lexical selection rules</a> for translating ambiguous words from Esperanto to Catalan.,72,"ftyers,hectoralos",Easy,"Code,Translation","translation,Esperanto,Catalan,mt,nlp"
[3_200] find 10 rules for how to translate words with more than one possible translation from Catalan to Esperanto,Write 10 <a href=""http://wiki.apertium.org/wiki/Constraint-based_lexical_selection_module"">lexical selection rules</a> for translating ambiguous words from Catalan to Esperanto.,72,"ftyers,hectoralos",Easy,"Code,Translation","translation,Catalan,Esperanto,mt,nlp"
[3_201] find 50 rules for how to translate words with more than one possible translation from Esperanto to Catalan,Write 50 <a href=""http://wiki.apertium.org/wiki/Constraint-based_lexical_selection_module"">lexical selection rules</a> for translating ambiguous words from Esperanto to Catalan.,72,"ftyers,hectoralos",Medium,"Code,Translation","translation,Esperanto,Catalan,mt,nlp"
[3_202] find 50 rules for how to translate words with more than one possible translation from Catalan to Esperanto,Write 50 <a href=""http://wiki.apertium.org/wiki/Constraint-based_lexical_selection_module"">lexical selection rules</a> for translating ambiguous words from Catalan to Esperanto.,72,"ftyers,hectoralos",Medium,"Code,Translation","translation,Catalan,Esperanto,mt,nlp"
[3_203] find 70 rules for how to translate words with more than one possible translation from Esperanto to Catalan,Write 70 <a href=""http://wiki.apertium.org/wiki/Constraint-based_lexical_selection_module"">lexical selection rules</a> for translating ambiguous words from Esperanto to Catalan.,72,"ftyers,hectoralos",Hard,"Code,Translation","translation,Esperanto,Catalan,mt,nlp"
[3_204] find 70 rules for how to translate words with more than one possible translation from Catalan to Esperanto,Write 70 <a href=""http://wiki.apertium.org/wiki/Constraint-based_lexical_selection_module"">lexical selection rules</a> for translating ambiguous words from Catalan to Esperanto.,72,"ftyers,hectoralos",Hard,"Code,Translation","translation,Catalan,Esperanto,mt,nlp"
[3_205] find 10 rules for how to translate words with more than one possible translation from Esperanto to Spanish,Write 10 <a href=""http://wiki.apertium.org/wiki/Constraint-based_lexical_selection_module"">lexical selection rules</a> for translating ambiguous words from Esperanto to Spanish.,72,"ftyers,hectoralos",Easy,"Code,Translation","translation,Esperanto,Spanish,mt,nlp"
[3_206] find 10 rules for how to translate words with more than one possible translation from Spanish to Esperanto,Write 10 <a href=""http://wiki.apertium.org/wiki/Constraint-based_lexical_selection_module"">lexical selection rules</a> for translating ambiguous words from Spanish to Esperanto.,72,"ftyers,hectoralos",Easy,"Code,Translation","translation,Spanish,Esperanto,mt,nlp"
[3_207] find 50 rules for how to translate words with more than one possible translation from Esperanto to Spanish,Write 50 <a href=""http://wiki.apertium.org/wiki/Constraint-based_lexical_selection_module"">lexical selection rules</a> for translating ambiguous words from Esperanto to Spanish.,72,"ftyers,hectoralos",Medium,"Code,Translation","translation,Esperanto,Spanish,mt,nlp"
[3_208] find 50 rules for how to translate words with more than one possible translation from Spanish to Esperanto,Write 50 <a href=""http://wiki.apertium.org/wiki/Constraint-based_lexical_selection_module"">lexical selection rules</a> for translating ambiguous words from Spanish to Esperanto.,72,"ftyers,hectoralos",Medium,"Code,Translation","translation,Spanish,Esperanto,mt,nlp"
[3_209] find 70 rules for how to translate words with more than one possible translation from Esperanto to Spanish,Write 70 <a href=""http://wiki.apertium.org/wiki/Constraint-based_lexical_selection_module"">lexical selection rules</a> for translating ambiguous words from Esperanto to Spanish.,72,"ftyers,hectoralos",Hard,"Code,Translation","translation,Esperanto,Spanish,mt,nlp"
[3_210] find 70 rules for how to translate words with more than one possible translation from Spanish to Esperanto,Write 70 <a href=""http://wiki.apertium.org/wiki/Constraint-based_lexical_selection_module"">lexical selection rules</a> for translating ambiguous words from Spanish to Esperanto.,72,"ftyers,hectoralos",Hard,"Code,Translation","translation,Spanish,Esperanto,mt,nlp"
[3_211] find 10 rules for how to translate words with more than one possible translation from Esperanto to French,Write 10 <a href=""http://wiki.apertium.org/wiki/Constraint-based_lexical_selection_module"">lexical selection rules</a> for translating ambiguous words from Esperanto to French.,72,"ftyers,hectoralos",Easy,"Code,Translation","translation,Esperanto,French,mt,nlp"
[3_212] find 10 rules for how to translate words with more than one possible translation from French to Esperanto,Write 10 <a href=""http://wiki.apertium.org/wiki/Constraint-based_lexical_selection_module"">lexical selection rules</a> for translating ambiguous words from French to Esperanto.,72,"ftyers,hectoralos",Easy,"Code,Translation","translation,French,Esperanto,mt,nlp"
[3_213] find 50 rules for how to translate words with more than one possible translation from Esperanto to French,Write 50 <a href=""http://wiki.apertium.org/wiki/Constraint-based_lexical_selection_module"">lexical selection rules</a> for translating ambiguous words from Esperanto to French.,72,"ftyers,hectoralos",Medium,"Code,Translation","translation,Esperanto,French,mt,nlp"
[3_214] find 50 rules for how to translate words with more than one possible translation from French to Esperanto,Write 50 <a href=""http://wiki.apertium.org/wiki/Constraint-based_lexical_selection_module"">lexical selection rules</a> for translating ambiguous words from French to Esperanto.,72,"ftyers,hectoralos",Medium,"Code,Translation","translation,French,Esperanto,mt,nlp"
[3_215] find 70 rules for how to translate words with more than one possible translation from Esperanto to French,Write 70 <a href=""http://wiki.apertium.org/wiki/Constraint-based_lexical_selection_module"">lexical selection rules</a> for translating ambiguous words from Esperanto to French.,72,"ftyers,hectoralos",Hard,"Code,Translation","translation,Esperanto,French,mt,nlp"
[3_216] find 70 rules for how to translate words with more than one possible translation from French to Esperanto,Write 70 <a href=""http://wiki.apertium.org/wiki/Constraint-based_lexical_selection_module"">lexical selection rules</a> for translating ambiguous words from French to Esperanto.,72,"ftyers,hectoralos",Hard,"Code,Translation","translation,French,Esperanto,mt,nlp"
[3_217] find 10 rules for how to translate words with more than one possible translation from Italian to Spanish,Write 10 <a href=""http://wiki.apertium.org/wiki/Constraint-based_lexical_selection_module"">lexical selection rules</a> for translating ambiguous words from Italian to Spanish.,72,"ftyers,jimregan",Easy,"Code,Translation","translation,Italian,Spanish,mt,nlp"
[3_218] find 10 rules for how to translate words with more than one possible translation from Spanish to Italian,Write 10 <a href=""http://wiki.apertium.org/wiki/Constraint-based_lexical_selection_module"">lexical selection rules</a> for translating ambiguous words from Spanish to Italian.,72,"ftyers,jimregan",Easy,"Code,Translation","translation,Spanish,Italian,mt,nlp"
[3_219] find 50 rules for how to translate words with more than one possible translation from Italian to Spanish,Write 50 <a href=""http://wiki.apertium.org/wiki/Constraint-based_lexical_selection_module"">lexical selection rules</a> for translating ambiguous words from Italian to Spanish.,72,"ftyers,jimregan",Medium,"Code,Translation","translation,Italian,Spanish,mt,nlp"
[3_220] find 50 rules for how to translate words with more than one possible translation from Spanish to Italian,Write 50 <a href=""http://wiki.apertium.org/wiki/Constraint-based_lexical_selection_module"">lexical selection rules</a> for translating ambiguous words from Spanish to Italian.,72,"ftyers,jimregan",Medium,"Code,Translation","translation,Spanish,Italian,mt,nlp"
[3_221] find 70 rules for how to translate words with more than one possible translation from Italian to Spanish,Write 70 <a href=""http://wiki.apertium.org/wiki/Constraint-based_lexical_selection_module"">lexical selection rules</a> for translating ambiguous words from Italian to Spanish.,72,"ftyers,jimregan",Hard,"Code,Translation","translation,Italian,Spanish,mt,nlp"
[3_222] find 70 rules for how to translate words with more than one possible translation from Spanish to Italian,Write 70 <a href=""http://wiki.apertium.org/wiki/Constraint-based_lexical_selection_module"">lexical selection rules</a> for translating ambiguous words from Spanish to Italian.,72,"ftyers,jimregan",Hard,"Code,Translation","translation,Spanish,Italian,mt,nlp"
[3_223] find 10 rules for how to translate words with more than one possible translation from Spanish to English,Write 10 <a href=""http://wiki.apertium.org/wiki/Constraint-based_lexical_selection_module"">lexical selection rules</a> for translating ambiguous words from Spanish to English.,72,"ftyers,jimregan",Easy,"Code,Translation","translation,Spanish,English,mt,nlp"
[3_224] find 10 rules for how to translate words with more than one possible translation from English to Spanish,Write 10 <a href=""http://wiki.apertium.org/wiki/Constraint-based_lexical_selection_module"">lexical selection rules</a> for translating ambiguous words from English to Spanish.,72,"ftyers,jimregan",Easy,"Code,Translation","translation,English,Spanish,mt,nlp"
[3_225] find 50 rules for how to translate words with more than one possible translation from Spanish to English,Write 50 <a href=""http://wiki.apertium.org/wiki/Constraint-based_lexical_selection_module"">lexical selection rules</a> for translating ambiguous words from Spanish to English.,72,"ftyers,jimregan",Medium,"Code,Translation","translation,Spanish,English,mt,nlp"
[3_226] find 50 rules for how to translate words with more than one possible translation from English to Spanish,Write 50 <a href=""http://wiki.apertium.org/wiki/Constraint-based_lexical_selection_module"">lexical selection rules</a> for translating ambiguous words from English to Spanish.,72,"ftyers,jimregan",Medium,"Code,Translation","translation,English,Spanish,mt,nlp"
[3_227] find 70 rules for how to translate words with more than one possible translation from Spanish to English,Write 70 <a href=""http://wiki.apertium.org/wiki/Constraint-based_lexical_selection_module"">lexical selection rules</a> for translating ambiguous words from Spanish to English.,72,"ftyers,jimregan",Hard,"Code,Translation","translation,Spanish,English,mt,nlp"
[3_228] find 70 rules for how to translate words with more than one possible translation from English to Spanish,Write 70 <a href=""http://wiki.apertium.org/wiki/Constraint-based_lexical_selection_module"">lexical selection rules</a> for translating ambiguous words from English to Spanish.,72,"ftyers,jimregan",Hard,"Code,Translation","translation,English,Spanish,mt,nlp"
